{"10": [2.578125, 2.484375, 2.53125, 2.390625, 2.484375, 2.5, 2.265625, 2.546875, 2.40625, 2.484375], "30": [7.0625, 6.84375, 7.109375, 6.84375, 7.046875, 7.265625, 7.625, 6.875, 6.796875, 6.78125], "50": [11.421875, 11.578125, 11.296875, 11.09375, 11.578125, 11.21875, 10.9375, 11.125, 11.4375, 11.15625], "100": [23.5, 24.15625, 23.234375, 23.75, 22.515625, 22.8125, 22.4375, 22.265625, 22.59375, 22.484375], "300": [68.484375, 66.671875, 67.59375, 66.96875, 66.9375, 66.8125, 67.484375, 66.734375, 67.96875, 68.046875]}